Quarter,Avg_Monthly_Earnings,Monthly_Transport_Cost,Transport_Burden_Pct
Sep 2024,32000.0,2100.0,6.5625
Dec 2024,32800.0,2160.0,6.585365853658537
Mar 2025,33442.59,2223.21,6.647840373607428
