Sector,Avg_Monthly_Earnings,Monthly_Transport_Cost,Transport_Burden_Pct
Transport,33442.59,2223.21,6.647840373607428
Mining,55000.0,2223.21,4.0422
Finance,48000.0,2223.21,4.6316875
Manufacturing,28000.0,2223.21,7.940035714285715
Trade,19000.0,2223.21,11.701105263157894
Construction,22000.0,2223.21,10.105500000000001
